{
    "rmse": 0.694434709534526,
    "mae": 0.5485637032889309,
    "r2": 0.25865611190530025
}