{
    "rmse": 0.6720996598322394,
    "mae": 0.5195122243854353,
    "r2": 0.2445872273144999
}